Email,Note
applicant1@example.com,Note one applicant 1
applicant2@example.com,Note one applicant 2
applicant2@example.com,Note two applicant 2
applicant1@example.com,Note two applicant 1
applicant100@example.com,"Lorem Ipsum is simply dummy text of the printing and typesetting industry. Lorem Ipsum has been the industry's standard dummy text ever since the 1500s, when an unknown printer took a galley of type and scrambled it to make a type specimen book. It has survived not only five centuries, but also the leap into electronic typesetting, remaining essentially unchanged. It was popularised in the 1960s with the release of Letraset sheets containing Lorem Ipsum passages, and more recently with desktop publishing software like Aldus PageMaker including versions of Lorem Ipsum. Note 1"
applicant100@example.com,"Lorem Ipsum is simply dummy text of the printing and typesetting industry. Lorem Ipsum has been the industry's standard dummy text ever since the 1500s, when an unknown printer took a galley of type and scrambled it to make a type specimen book. It has survived not only five centuries, but also the leap into electronic typesetting, remaining essentially unchanged. It was popularised in the 1960s with the release of Letraset sheets containing Lorem Ipsum passages, and more recently with desktop publishing software like Aldus PageMaker including versions of Lorem Ipsum. Note 2"
applicant100@example.com,"Lorem Ipsum is simply dummy text of the printing and typesetting industry. Lorem Ipsum has been the industry's standard dummy text ever since the 1500s, when an unknown printer took a galley of type and scrambled it to make a type specimen book. It has survived not only five centuries, but also the leap into electronic typesetting, remaining essentially unchanged. It was popularised in the 1960s with the release of Letraset sheets containing Lorem Ipsum passages, and more recently with desktop publishing software like Aldus PageMaker including versions of Lorem Ipsum. Note 3"
applicant100@example.com,"Lorem ipsum dolor sit amet, consectetur adipiscing elit. Mauris egestas cursus sem at gravida. Integer congue sed diam sed semper. Aliquam pellentesque vitae ipsum eu vehicula. Proin sodales nisi nibh, consectetur ultrices ex eleifend eu. Ut feugiat a mauris in porttitor. Morbi at ligula ut sapien porta egestas ac sed tortor. Pellentesque nibh tellus, imperdiet eget consequat et, volutpat ut nisl. Vestibulum at eleifend diam.

Nullam id mi a ipsum ullamcorper finibus. Donec aliquet nibh blandit lobortis vulputate. Curabitur maximus suscipit augue, nec facilisis enim aliquet a. Donec ornare auctor nisl id eleifend. Curabitur aliquet aliquet libero, a euismod dui ultrices sit amet. Orci varius natoque penatibus et magnis dis parturient montes, nascetur ridiculus mus. Aliquam dui odio, consequat ac dolor quis, blandit consequat risus. Mauris ac venenatis arcu. Donec ipsum dolor, laoreet eu pharetra sit amet, dignissim in urna. Interdum et malesuada fames ac ante ipsum primis in faucibus. Phasellus ipsum magna, congue fringilla elit eu, egestas interdum nisl. Lorem ipsum dolor sit amet, consectetur adipiscing elit. Mauris eget tristique erat, nec pharetra massa.

Fusce sit amet euismod velit. Praesent ac eleifend ex, non molestie enim. Donec et porta elit. In accumsan risus in nisi gravida tempor. Vestibulum ut nisl tortor. Curabitur congue pharetra fermentum. Duis finibus efficitur odio, tempor elementum tellus tincidunt at. Pellentesque a porttitor risus. Vivamus ultricies mauris in mi tincidunt bibendum. Fusce ut porttitor risus. Aliquam auctor risus eget enim rutrum, nec iaculis magna pulvinar.

Orci varius natoque penatibus et magnis dis parturient montes, nascetur ridiculus mus. Integer venenatis, nisi sed rutrum scelerisque, massa felis sodales tellus, sed tincidunt magna dolor eu nunc. Donec neque enim, accumsan eu arcu ac, euismod semper urna. Nulla consequat aliquam suscipit. Curabitur at vehicula urna. Nunc interdum fringilla eleifend. Nulla non consectetur libero. Donec pharetra, enim non gravida venenatis, nisl est tempus lectus, et blandit risus nisi id tortor. Donec ut purus eget elit commodo ullamcorper vel nec nibh. Proin euismod, nunc in tincidunt cursus, risus tortor venenatis libero, nec elementum odio felis at orci. Nulla ultricies libero a ante fringilla elementum. Vestibulum sed neque in dolor varius sagittis et a quam. Sed consequat, ex sed feugiat molestie, ligula risus vehicula dolor, et molestie dolor lorem ut felis. Praesent commodo massa fermentum nulla aliquet, sed pulvinar nisl semper. Fusce placerat felis eget rutrum vestibulum.

Nam sit amet mauris non justo convallis eleifend eu non massa. Aenean molestie mauris non interdum venenatis. Aliquam erat volutpat. Aliquam id consequat diam. Aliquam dui velit, sollicitudin eget vestibulum vitae, pellentesque et dolor. Integer et nibh et justo laoreet convallis a convallis est. Ut ligula tellus, elementum eget purus a, iaculis porttitor lectus. Nullam nec consequat erat. Morbi hendrerit sapien et tincidunt tincidunt. Quisque ligula velit, hendrerit vulputate aliquet sit amet, fermentum a ex. Vestibulum sollicitudin, sapien vitae efficitur semper, orci libero mollis lacus, a aliquet mi elit vel est. Aenean rutrum turpis sed elit mattis fermentum. Nam non dolor quis quam tincidunt pulvinar. Donec nec tempus nibh. Duis dictum porta purus. Donec vel feugiat purus. Note 4"
applicant73@example.com,Lorem ipsum designer comment